Date,Time,Course,Horse,Race Type,A/W Course Type,H/Cap,No. of Rnrs,Value,8:30PM Price,7:30AM Price,Class,Class Move,Sex,Age,Weight,Irish?,Draw IV,Comb. Total,Comb. Rank,Race Rank,Comp. Rank,PRB Rank,Speed Rank,MSAI Rank,No. of Top,Comp. Total,>100,<50,Clear By,Fin Pos,BSP,Win P/L <2%,Place P/L <2%,Month,Classification,Trainer,Jockey,Trainer PRB,Jockey PRB,Jockey Claim,LTO Fin Pos,Race Rating,Ability,Going,Distance,Course/Sim,TrainrF,JockyF,Draw,Speed,Total,Draw/Stall,SP (Dec),Distance (Yards),Morning Price,DSLR,Runs Last 90 Days,Runs Last Year,Runs Last 2 Years,Days Since Win,Races Since Win,Place BSP,Act. Going
260811,1430,Lingfield,Crazy Plan,A/W,P,Y,14,13.66,3.75,4,6,S,f,3,127, ,0.92,26,6,9,6,7,10,1,1,448,2,3,17.34,0,0,0,0,Aug,Hcap,Dan Horsford,Jason Watson,0,26.29,0,2,-20,100,50,33.33,40,33.33,100,92,77.41,526.07,1,0,2200,0,28,2,4,4,0,0,0, 
260811,1430,Lingfield,Shifra,A/W,P,Y,14,11.33,4.33,4.5,6,S,f,4,132, ,1.13,27,7,9,5,12,12,12,0,492,3,3,44.33,0,0,0,0,Aug,Hcap,Pat Phelan,S C Cronin,26,40.57,5,1,-20,33.33,33.33,100,100,33.33,80,113,33.33,526.32,7,0,2200,0,54,2,8,9,54,1,0, 
260811,1430,Lingfield,Chico Dulce,A/W,P,Y,14,8.33,5.5,5,6,S,g,6,134, ,1,6,1,1,2,1,1,6,4,563,3,1,13,0,0,0,0,Aug,Hcap,Michael Madgwick,Billy Loughnane,0,57.15,0,3,90,70,70,90,100,33.33,100,100,91.93,655.26,3,0,2200,0,34,1,7,9,280,5,0, 
260811,1430,Lingfield,Arlecchino's Rex,A/W,P,Y,14,11.33,11,7,6,S,g,4,130, ,1.15,13,2,4,1,2,3,9,1,585,4,0,21.67,0,0,0,0,Aug,Hcap,Mark Usher,Cieren Fallon,39.17,45.98,0,7,35,60,60,100,50,100,100,115,90.32,675.32,13,0,2200,0,56,2,16,26,161,7,0, 
260811,1430,Lingfield,Warrnambool,A/W,P,Y,14,11.33,6.5,8,6,S,g,4,135, ,1.17,24,5,3,10,8,6,4,0,403,1,3,23.67,0,0,0,0,Aug,Hcap,Nick Littmoden,Luke Morris,2.03,35.29,0,4,40,50,50,33.33,40,33.33,80,117,100,503.66,5,0,2200,0,228,0,8,17,0,0,0, 
260811,1430,Lingfield,Little Tiger,A/W,P,Y,14,17.66,6.5,8,6,S,g,6,135, ,0.98,34,11,12,7,99,99,2,0,431,2,4,26.33,0,0,0,0,Aug,Hcap,William Stone,Edward Greatrex,6.35,41.45,0,4,-30,33.33,33.33,100,33.33,33.33,100,98,33.33,464.65,8,0,2200,0,63,1,4,10,672,10,0, 
260811,1430,Lingfield,Roman Secret,A/W,P,Y,14,11.66,11,13,6,S,m,5,135, ,0.99,18,4,5,4,4,2,11,0,529,2,0,36.01,0,0,0,0,Aug,Hcap,Lawrence Mullaney,Finley Marsh,30.52,35.29,0,8,30,50,50,100,50,100,80,99,98.38,627.38,14,0,2200,0,28,2,6,15,116,4,0, 
260811,1430,Lingfield,Dubai Harbour,A/W,P,Y,14,12,15,15,6,S,g,6,128, ,0.97,15,3,2,3,3,4,10,0,550,3,1,21.33,0,0,0,0,Aug,Hcap,Pat Phelan,Paddy Bradley,26,30.7,0,7,50,60,60,100,100,33.33,100,97,77.41,627.74,2,0,2200,0,64,2,12,22,541,15,0, 
260811,1430,Lingfield,Lady Aiyana,A/W,P,Y,14,21,34,21,6,S,f,4,126, ,0.85,33,9,8,8,5,8,8,0,404,1,3,1.33,0,0,0,0,Aug,Hcap,Mrs Ilka Gansera-Leveque,B D L Sayette,13.28,33.04,0,7,-10,60,33.33,60,33.33,33.33,100,85,62.9,467.89,9,0,2200,0,54,3,7,9,0,0,0, 
260811,1430,Lingfield,Stacey Racey,A/W,P,Y,14,16.33,23,26,6,S,m,5,127, ,1.1,33,9,6,11,6,5,3,0,379,1,3,13.34,0,0,0,0,Aug,Hcap,Keiran Burke,Josephine Gordon,13.15,5.82,0,8,25,60,60,33.33,50,33.33,33.33,110,100,479.99,6,0,2200,0,21,2,8,19,694,18,0, 
260811,1430,Lingfield,Lady Of Chivalry,A/W,P,Y,14,26,26,29,6,D,f,4,135, ,0.88,50,14,12,14,11,11,5,0,334,0,5,0,0,0,0,0,Aug,Hcap,Patrick Chamings,Callum Hutchinson,13.77,28.92,0,7,-30,33.33,33.33,33.33,33.33,33.33,80,88,33.33,367.98,10,0,2200,0,36,1,2,3,0,0,0, 
260811,1430,Lingfield,Summer Evening,A/W,P,Y,14,18,34,34,6,S,f,4,126, ,0.84,41,12,9,13,10,7,13,0,363,0,3,29.34,0,0,0,0,Aug,Hcap,David Flood,Tyler Heard,29.48,30.01,0,8,-20,33.33,33.33,50,50,33.33,80,84,80.64,444.63,12,0,2200,0,34,2,14,15,0,0,0, 
260811,1430,Lingfield,Warriors Choice,A/W,P,Y,14,25,34,34,6,S,f,3,125, ,1,44,13,14,12,99,13,7,0,366,2,5,2.66,0,0,0,0,Aug,Hcap,Tom Dascombe,William Cox,36.61,25.31,0,8,-50,33.33,33.33,33.33,33.33,100,33.33,100,33.33,399.98,11,0,2200,0,70,1,3,6,0,0,0, 
260811,1445,Carlisle,Tees George,Turf, ,Y,8,6.66,3.25,3.25,6,S,g,6,137, ,1,15,4,5,5,4,5,4,0,490,2,0,24.01,0,0,0,0,Aug,Hcap-App,Adrian Nicholls,Oliver Carmichael,39.67,30.87,5,2,65,90,50,100,50,50,50,100,91.8,581.8,4,0,1713,0,13,4,12,18,110,6,0, 
260811,1445,Carlisle,Bay Dream Believer,Turf, ,Y,8,6.66,4,4,6,D,m,7,141, ,1.05,12,2,5,4,1,5,8,1,558,3,1,68.33,0,0,0,0,Aug,Hcap-App,Mark Walford,K S McHugh,42.5,13.38,5,1,65,100,70,100,90,60,33.33,105,96.72,655.05,3,0,1713,0,24,5,14,28,24,1,0, 
260811,1445,Carlisle,Hostility,Turf, ,Y,8,5.66,4,4.5,6,D,g,4,142, ,1.05,9,1,2,2,2,2,2,1,655,5,0,81.67,0,0,0,0,Aug,Hcap-App,David O'Meara,C J Whiteley,42.01,47.47,3,5,130,100,70,100,100,100,80,105,106.55,761.55,1,0,1713,0,38,3,12,18,57,2,0, 
260811,1445,Carlisle,Perfidia,Turf, ,Y,8,7.33,5.5,5,6,S,g,4,139, ,1.29,14,3,4,1,3,1,5,2,675,4,0,20,0,0,0,0,Aug,Hcap-App,Tim Easterby,C Horgan,29.69,22.64,3,7,85,90,70,100,90,100,100,125,103.27,778.27,7,0,1713,0,14,8,13,27,47,4,0, 
260811,1445,Carlisle,Izzari,Turf, ,Y,8,7.33,8,7.5,6,D,g,5,140, ,0.96,16,5,1,6,5,3,3,1,465,2,3,43.33,0,0,0,0,Aug,Hcap-App,Iain Jardine,Cara Tuke,35.23,0,7,9,135,70,33.33,100,33.33,100,33.33,96,91.8,557.79,6,0,1713,0,17,4,9,21,337,9,0, 
260811,1445,Carlisle,Jewel Maker,Turf, ,Y,8,7.33,19,12,6,S,g,11,132, ,1.1,17,6,3,3,6,4,5,0,573,4,1,15,0,0,0,0,Aug,Hcap-App,Tim Easterby,Miss Amie Waugh,29.69,26.6,0,7,120,60,70,100,100,100,33.33,110,96.72,670.05,5,0,1713,0,17,4,18,35,311,12,0, 
260811,1445,Carlisle,Balance Of Trade,Turf, ,Y,8,12.66,17,17,6,D,g,3,118, ,0.76,29,7,7,7,7,7,1,1,422,1,2,87.01,0,0,0,0,Aug,Hcap-App,Gary Rutherford,Alex Jary,14.79,38.16,0,8,25,60,33.33,50,70,33.33,100,76,100,522.66,8,0,1713,0,25,4,11,14,0,0,0, 
260811,1445,Carlisle,Rajawail,Turf, ,Y,8,15.33,67,67,6,S,m,6,123, ,1.19,31,8,8,8,8,8,7,0,335,1,5,0,0,0,0,0,Aug,Hcap-App,Brian Rothwell,Shay Farmer,2.78,33.13,3,10,-20,33.33,33.33,33.33,33.33,33.33,50,119,91.8,427.45,2,0,1713,0,56,2,7,19,0,0,0, 
260811,1500,Lingfield,Desert Sands,A/W,P,N,5,5,1.83,1.91,3,S,f,2,128, ,1.13,11,4,2,3,99,99,5,0,426,2,4,12,0,0,0,0,Aug,Nov-Fil,Ismail Mohammed,B D L Sayette,8.37,33.04,0,9,-20,33.33,33.33,33.33,33.33,80,100,113,33.33,459.65,2,0,1106,0,32,3,3,3,0,0,0, 
260811,1500,Lingfield,Ouragan,A/W,P,N,5,5,3,3.25,3,U,f,2,125, ,0.94,16,5,5,5,1,2,2,1,410,0,3,0,0,0,0,0,Aug,Nov-Fil,Archie Watson,Luke Morris,41.11,35.29,0,4,-30,33.33,50,33.33,40,80,80,94,33.33,443.99,1,0,1106,0,12,3,3,3,0,0,0, 
260811,1500,Lingfield,Bellatina,A/W,P,N,5,4,6.5,5.5,3,U,f,2,122, ,1.01,7,1,2,2,99,3,3,1,434,3,4,8,0,0,0,0,Aug,Nov-Fil,Charlie Johnston,Cieren Fallon,34,45.98,0,6,-20,33.33,33.33,33.33,33.33,100,100,101,28.57,462.89,4,0,1106,0,27,4,6,6,0,0,0, 
260811,1500,Lingfield,Birkacre Brow,A/W,P,N,5,4.33,13,11,3,U,f,2,125, ,1.16,8,2,2,1,99,99,1,2,449,3,4,15,0,0,0,0,Aug,Nov-Fil,James Tate,Billy Loughnane,68.74,57.15,0,13,-10,33.33,33.33,33.33,33.33,100,100,116,33.33,482.65,5,0,1106,0,46,2,2,2,0,0,0, 
260811,1500,Lingfield,Crimson Blaze,A/W,P,N,5,4.66,11,13,3,U,f,2,128, ,1.01,10,3,2,4,2,1,4,1,414,2,4,3.66,0,0,0,0,Aug,Nov-Fil,Richard Hughes,Finley Marsh,35.51,35.29,0,6,-20,33.33,33.33,33.33,33.33,100,80,101,42.85,457.17,3,0,1106,0,11,2,4,4,0,0,0, 
260811,1515,Carlisle,Rogue Passion,Turf, ,N,5,3.66,1.8,1.73,3,S,f,2,128, ,0.61,7,1,2,2,2,1,2,2,464,2,1,47.01,0,0,0,0,Aug,Nov-Fil,Ed Bethell,Oisin Orr,48.91,53.66,0,2,0,50,33.33,50,70,100,100,61,57.14,521.47,4,0,1515,0,33,2,2,2,0,0,0, 
260811,1515,Carlisle,Girl Scout,Turf, ,N,5,5,4,3.25,3,S,f,2,128, ,1.04,14,4,5,3,3,4,3,0,417,2,4,6,0,0,0,0,Aug,Nov-Fil,K R Burke,Clifford Lee,40.78,33.65,0,5,-30,33.33,33.33,33.33,33.33,100,80,104,33.33,450.65,1,0,1515,0,99,0,1,1,0,0,0, 
260811,1515,Carlisle,Lizzie Bennet,Turf, ,N,5,7.33,6.5,7,3,S,f,2,128, ,0.92,15,5,3,5,99,99,4,0,338,0,5,0,0,0,0,0,Aug,Nov-Fil,Kevin Ryan,Tom Eaves,25.22,18.4,0,0,-20,33.33,33.33,33.33,33.33,33.33,80,92,33.33,371.98,3,0,1515,0,0,0,0,0,0,0,0, 
260811,1515,Carlisle,Sweet Iris,Turf, ,N,5,5,11,11,3,S,f,2,128, ,1.71,8,2,2,1,1,2,5,2,541,4,2,77.33,0,0,0,0,Aug,Nov-Fil,Richard Fahey,Cam Hardie,33.65,25.38,0,2,-10,100,50,100,33.33,100,33.33,125,67.14,608.8,2,0,1515,0,18,2,2,2,0,0,0, 
260811,1515,Carlisle,Shaqra Queen,Turf, ,N,5,4.66,11,12,3,U,f,2,128, ,0.98,11,3,3,4,99,3,1,1,411,1,4,72.67,0,0,0,0,Aug,Nov-Fil,K R Burke,S H James,40.78,41.4,0,6,-20,33.33,33.33,33.33,33.33,100,80,98,33.33,444.65,5,0,1515,0,16,1,1,1,0,0,0, 
260811,1530,Lingfield,Spirit Of Athene,A/W,P,Y,10,7.66,3.75,3.5,4,U,f,3,125, ,0.92,13,3,4,3,4,6,7,0,615,4,1,35.33,0,0,0,0,Aug,Hcap-Fil,Ed Walker,Kieran Shoemark,47.67,39.33,0,1,-10,33.33,90,100,100,100,100,92,33.33,648.66,1,0,2200,0,13,2,5,5,13,1,0, 
260811,1530,Lingfield,Distant Shore,A/W,P,Y,10,10.66,5,5,4,S,f,3,133, ,1,24,6,5,9,99,99,2,0,403,2,4,2,0,0,0,0,Aug,Hcap-Fil,Roger Varian,Robbie Downey,47.93,56.33,0,2,-20,33.33,33.33,33.33,33.33,100,70,100,33.33,436.65,3,0,2200,0,21,3,4,5,384,5,0, 
260811,1530,Lingfield,She Commands,A/W,P,Y,10,7,6.5,5.5,4,D,f,3,136, ,1.13,6,1,3,1,1,3,4,3,703,6,0,56,0,0,0,0,Aug,Hcap-Fil,Ralph Beckett,Edward Greatrex,39.4,41.45,0,20,-5,100,100,100,90,100,100,113,88.05,791.05,7,0,2200,0,53,1,4,4,92,2,0, 
260811,1530,Lingfield,Asset,A/W,P,Y,10,8.33,7,6.5,4,S,f,3,127, ,1.17,18,5,2,6,7,7,3,0,453,2,3,15.34,0,0,0,0,Aug,Hcap-Fil,Sir Mark Prescott Bt,Luke Morris,48.03,35.29,0,1,0,33.33,50,33.33,40,100,80,117,33.33,486.99,5,0,2200,0,16,4,5,5,16,1,0, 
260811,1530,Lingfield,Radiance,A/W,P,Y,10,13,7,7,4,S,f,3,134, ,1.34,27,8,6,7,99,99,5,0,438,2,4,10.33,0,0,0,0,Aug,Hcap-Fil,George Boughey,Billy Loughnane,54.02,57.15,0,7,-30,33.33,33.33,33.33,33.33,80,100,125,33.33,471.65,4,0,2200,0,326,0,2,3,404,3,0, 
260811,1530,Lingfield,Rastnet,A/W,P,Y,10,9.33,7,7,4,D,f,4,142, ,0.97,12,2,1,2,2,1,9,2,647,3,0,31.67,0,0,0,0,Aug,Hcap-Fil,John Butler,D Egan,47.5,31.47,0,7,50,100,90,100,80,80,100,97,86.56,733.56,2,0,2200,0,59,1,8,8,232,6,0, 
260811,1530,Lingfield,Guesstimate,A/W,P,Y,10,9.66,8.5,8,4,S,f,3,122, ,1.1,17,4,6,4,3,5,1,1,580,4,0,51.67,0,0,0,0,Aug,Hcap-Fil,William Haggas,Cieren Fallon,46.08,45.98,0,1,-30,60,60,100,50,100,100,110,73.13,653.13,6,0,2200,0,25,3,7,7,25,1,0, 
260811,1530,Lingfield,Deedaydiva,A/W,P,Y,10,14,19,19,4,D,f,3,137, ,0.88,31,9,6,10,99,99,10,0,401,1,4,0,0,0,0,0,Aug,Hcap-Fil,Alan King,Luke Catton,29.75,50.06,3,8,-30,33.33,33.33,33.33,33.33,80,100,88,33.33,434.65,10,0,2200,0,94,0,3,4,346,3,0, 
260811,1530,Lingfield,Pomme Pomme,A/W,P,Y,10,12.66,23,23,4,D,f,4,135, ,0.85,26,7,10,5,5,2,8,0,528,2,1,74.67,0,0,0,0,Aug,Hcap-Fil,Jack Channon,Rose Dawes,42.76,26.08,5,3,-50,33.33,70,100,60,80,100,85,91.04,619.37,9,0,2200,0,16,2,4,14,416,7,0, 
260811,1530,Lingfield,Big Bear Hug,A/W,P,Y,10,13,26,26,4,U,m,7,130, ,0.98,31,9,9,8,6,4,6,0,427,1,3,24.67,0,0,0,0,Aug,Hcap-Fil,Jim Boyle,Pat Cosgrave,30.62,35.02,0,7,-35,33.33,33.33,100,33.33,80,50,98,82.08,510.07,8,0,2200,0,29,3,9,17,34,2,0, 
260811,1545,Carlisle,Influencer Man,Turf, ,Y,7,8.66,4,3.75,5,D,g,2,135, ,1.22,19,6,5,5,3,5,5,0,451,2,3,20.67,0,0,0,0,Aug,Hcap-Nur,Adrian Paul Keatley,M P Sheehy,41.64,55.99,0,2,-20,33.33,33.33,70,33.33,60,100,122,84.37,536.36,5,0,1100,0,24,2,2,2,0,0,0, 
260811,1545,Carlisle,Lauralynn,Turf, ,Y,7,7,4.5,4.5,5,D,f,2,126, ,1.22,14,3,6,2,2,6,4,0,525,3,1,16.67,0,0,0,0,Aug,Hcap-Nur,Declan Carroll,Zak Wheatley,47.36,42.6,0,7,-30,100,50,100,33.33,60,60,122,78.12,603.45,2,0,1100,0,88,1,4,4,96,2,0, 
260811,1545,Carlisle,Concert Pitch,Turf, ,Y,7,6,6,4.5,5,S,c,2,125, ,1.06,8,1,4,1,1,3,6,3,556,2,0,30.67,0,0,0,0,Aug,Hcap-Nur,Brian Ellison,Ben Robinson,39.37,27.88,0,2,-10,100,60,70,90,50,80,106,87.5,643.5,4,0,1100,0,22,4,6,6,0,0,0, 
260811,1545,Carlisle,Beauty For Love,Turf, ,Y,7,6.66,6.5,5.5,5,S,c,2,131, ,0.98,18,5,1,6,6,2,2,1,431,2,4,50.33,0,0,0,0,Aug,Hcap-Nur,Charlie Johnston,Oisin Orr,34,53.66,0,3,20,33.33,33.33,33.33,33.33,100,100,98,82.81,514.13,1,0,1100,0,25,3,4,4,0,0,0, 
260811,1545,Carlisle,Onslaught,Turf, ,Y,7,6,5.5,5.5,5,D,c,2,130, ,1.46,14,3,2,4,5,1,3,1,454,2,3,3,0,0,0,0,Aug,Hcap-Nur,Richard Fahey,Jack Garritty,33.65,34.28,0,3,10,33.33,33.33,50,33.33,100,80,125,85.93,540.92,3,0,1100,0,16,3,3,3,0,0,0, 
260811,1545,Carlisle,Jazz Queen,Turf, ,Y,7,5,8,7.5,5,S,f,2,128, ,1.22,11,2,3,3,4,4,1,1,508,3,2,53.67,0,0,0,0,Aug,Hcap-Nur,Hugo Palmer,Jason Hart,36.15,40.54,0,4,0,60,33.33,60,33.33,100,100,122,89.06,597.72,7,0,1100,0,27,3,5,5,0,0,0, 
260811,1545,Carlisle,Excessive,Turf, ,Y,7,12.66,11,10,5,S,g,2,123, ,0.81,27,7,6,7,7,7,7,0,380,1,3,0,0,0,0,0,Aug,Hcap-Nur,Tim Easterby,Duran Fentiman,29.69,14.84,0,9,-30,33.33,33.33,50,50,100,33.33,81,33.33,414.32,6,0,1100,0,19,3,3,3,0,0,0, 
260811,1600,Lingfield,Charencey,A/W,P,N,11,8.33,3.25,3.25,6,S,g,6,135, ,0.99,16,2,1,5,7,6,2,1,432,2,4,27.33,0,0,0,0,Aug,Cla,Ian Williams,Billy Loughnane,38.28,57.15,0,2,40,33.33,33.33,33.33,33.33,100,100,99,33.33,465.65,1,0,2640,0,14,4,9,19,0,0,0, 
260811,1600,Lingfield,Tiger Beetle,A/W,P,N,11,11,4,4.5,6,S,g,8,135, ,1.14,25,7,5,11,4,1,5,1,367,1,4,0,0,0,0,0,Aug,Cla,T Faulkner,Miss Zoe Lewis,43.9,43.9,7,3,-10,33.33,33.33,33.33,33.33,60,60,114,90.32,457.64,3,0,2640,0,18,2,12,13,0,0,0, 
260811,1600,Lingfield,Dinah Myte,A/W,P,N,11,8.66,4.5,4.5,6,S,f,4,135, ,1.34,16,2,5,4,6,8,6,0,438,2,4,6,0,0,0,0,Aug,Cla,John Gallagher,Luke Morris,35.2,35.29,0,3,-10,33.33,33.33,33.33,33.33,100,80,125,33.33,471.65,5,0,2640,0,14,4,13,16,70,4,0, 
260811,1600,Lingfield,Wrist Art,A/W,P,N,11,8.33,6,5.5,6,D,g,9,135, ,0.82,17,4,3,7,5,5,3,0,395,1,4,15.67,0,0,0,0,Aug,Cla,James Owen,Christian Howarth,41.02,34.32,3,2,20,33.33,33.33,33.33,33.33,80,100,82,51.61,446.93,10,0,2640,0,8,6,21,28,0,0,0, 
260811,1600,Lingfield,Foinix,A/W,P,N,11,10.33,6,6,6,S,g,6,135, ,1.01,17,4,4,2,3,2,8,0,527,3,2,82.34,0,0,0,0,Aug,Cla,Suzi Best,Finley Marsh,24.66,35.29,0,2,5,33.33,33.33,100,100,80,80,101,77.41,605.07,4,0,2640,0,5,3,13,27,357,12,0, 
260811,1600,Lingfield,Suitcase Smith,A/W,P,N,11,16.66,9,8.5,6,S,g,4,135, ,1.03,33,9,8,10,99,99,4,0,369,2,5,2.33,0,0,0,0,Aug,Cla,John Berry,D Egan,5.33,31.47,0,4,-20,33.33,33.33,33.33,33.33,33.33,100,103,33.33,402.98,7,0,2640,0,27,4,9,9,0,0,0, 
260811,1600,Lingfield,Dotties Star,A/W,P,N,11,10.33,13,15,6,S,g,7,135, ,1.03,13,1,5,1,1,4,7,3,556,4,1,28.67,0,0,0,0,Aug,Cla,Pat Phelan,Paddy Bradley,26,30.7,0,5,-10,60,60,100,100,33.33,100,103,70.96,627.29,2,0,2640,0,41,2,9,14,139,4,0, 
260811,1600,Lingfield,Dubai Immo,A/W,P,N,11,10.66,51,51,6,S,g,7,135, ,1.13,18,6,2,8,2,2,11,0,379,2,5,8,0,0,0,0,Aug,Cla,Paddy Butler,Ashley Lewis,0,39.01,3,7,25,33.33,33.33,33.33,33.33,33.33,100,113,82.25,461.9,9,0,2640,0,54,1,6,18,495,13,0, 
260811,1600,Lingfield,Fighting Poet,A/W,P,N,11,15.66,67,67,6,S,g,8,135, ,0.95,34,11,11,6,8,9,9,0,404,1,3,9.67,0,0,0,0,Aug,Cla,Richard Phillips,Robert Havlin,30.85,48.22,0,9,-40,33.33,33.33,100,33.33,50,60,95,33.33,438.32,8,0,2640,0,21,4,10,21,357,10,0, 
260811,1600,Lingfield,Amalfi Bluebell,A/W,P,N,11,19.66,101,101,6,S,f,3,125, ,1.29,33,9,8,9,99,10,10,0,371,1,5,2,0,0,0,0,Aug,Cla,Barry Brennan,Tyler Heard,4,30.01,0,7,-20,33.33,33.33,33.33,33.33,33.33,80,125,33.33,404.98,11,0,2640,0,34,2,3,6,0,0,0, 
260811,1600,Lingfield,Crack Of Thunder,A/W,P,N,11,11.66,101,101,6,D,f,4,135, ,1.12,26,8,10,3,9,7,1,1,445,3,4,7,0,0,0,0,Aug,Cla,Jack Jones,Jason Watson,34.87,26.29,0,12,-30,33.33,33.33,33.33,33.33,100,100,112,33.33,478.65,6,0,2640,0,15,4,4,4,0,0,0, 
260811,1615,Carlisle,Great,Turf, ,Y,9,8,3.75,4,5,S,g,4,137, ,1.34,21,6,6,6,7,5,8,0,521,3,2,29.33,0,0,0,0,Aug,Hcap,Sam England,Jonathan England,22.42,28.13,0,1,55,60,70,100,100,33.33,33.33,125,98.43,620.09,9,0,1282,0,6,7,12,17,6,1,0, 
260811,1615,Carlisle,Another Investment,Turf, ,Y,9,7.66,4.33,4,5,S,g,7,139, ,1,13,1,4,1,5,7,2,2,670,6,0,60.67,0,0,0,0,Aug,Hcap,Nigel Tinkler,Alex Jary,38.69,38.16,3,2,60,100,70,100,100,100,100,100,100,770,3,0,1282,0,10,3,9,18,409,12,0, 
260811,1615,Carlisle,Jenever,Turf, ,Y,9,7,6.5,5,5,S,g,7,140, ,0.63,14,2,1,8,4,9,4,1,469,2,2,1.33,0,0,0,0,Aug,Hcap,Jessica Macey,Jason Hart,5.13,40.54,0,3,135,90,50,100,33.33,33.33,100,63,106.25,575.91,2,0,1282,0,21,3,11,20,313,9,0, 
260811,1615,Carlisle,Sixtygeesbaby,Turf, ,Y,9,7.66,9,7,5,S,g,4,140, ,1.27,16,3,2,3,6,1,3,1,598,4,1,29,0,0,0,0,Aug,Hcap,David O'Meara,Mark Winn,42.01,28.53,0,5,130,100,60,100,33.33,100,80,125,100,698.33,5,0,1282,0,21,4,9,13,473,12,0, 
260811,1615,Carlisle,Stirrup Cup,Turf, ,Y,9,10.66,6.5,7,5,S,g,4,140, ,1.16,20,5,8,2,2,3,9,0,609,4,1,11,0,0,0,0,Aug,Hcap,Tim Easterby,Duran Fentiman,29.69,14.84,0,5,45,90,70,100,100,100,33.33,116,89.06,698.39,8,0,1282,0,55,3,11,19,64,2,0, 
260811,1615,Carlisle,Maldevious,Turf, ,Y,9,9,7.5,7.5,5,U,f,4,137, ,1.22,19,4,9,5,1,1,5,2,552,2,0,30.34,0,0,0,0,Aug,Hcap,Brian Ellison,Ben Robinson,39.37,27.88,0,1,30,70,60,100,70,50,80,122,106.25,658.25,6,0,1282,0,10,4,9,12,10,1,0, 
260811,1615,Carlisle,Pickersgill,Turf, ,Y,9,9,13,12,5,S,f,4,135, ,1.16,21,6,3,4,8,5,7,0,569,4,1,17.33,0,0,0,0,Aug,Hcap,Iain Jardine,M P Sheehy,35.23,55.99,0,8,65,60,33.33,100,60,100,100,116,87.5,656.83,1,0,1282,0,5,6,12,18,126,7,0, 
260811,1615,Carlisle,Showtown,Turf, ,Y,9,11.33,15,17,5,S,g,3,130, ,0.95,27,8,6,9,3,8,1,1,468,0,1,0,0,0,0,0,Aug,Hcap,Kevin Ryan,Tom Eaves,25.22,18.4,0,8,55,60,70,60,70,33.33,80,95,90.62,558.95,4,0,1282,0,41,3,7,9,0,0,0, 
260811,1615,Carlisle,Valentine Catcher,Turf, ,Y,9,10,29,26,5,S,g,5,129, ,0.79,27,8,4,7,9,4,6,0,492,2,1,22.67,0,0,0,0,Aug,Hcap,Tim Easterby,James Sullivan,29.69,22.3,0,7,60,60,50,100,70,100,33.33,79,93.75,586.08,7,0,1282,0,39,4,14,19,728,19,0, 
260811,1630,Lingfield,Bone Marra,A/W,P,Y,7,5.33,2.38,2.38,4,S,g,3,136, ,0.78,8,2,2,3,1,1,3,2,601,4,1,3.33,0,0,0,0,Aug,Hcap,Ollie Sangster,Stevie Donohoe,46.71,21,0,2,40,100,100,100,90,100,33.33,78,100,701.33,2,0,1541,0,25,3,5,9,54,2,0, 
260811,1630,Lingfield,Three Non Blondes,A/W,P,Y,7,4.66,4.5,4,4,S,f,3,132, ,1.14,7,1,3,1,2,4,2,2,664,5,0,53.67,0,0,0,0,Aug,Hcap,Hayley Burton,Billy Loughnane,43.75,57.15,0,1,25,100,100,100,90,60,100,114,92.53,756.53,5,0,1541,0,19,3,7,7,19,1,0, 
260811,1630,Lingfield,Do Bronxs,A/W,P,Y,7,8.33,4,5,4,S,g,3,135, ,1.1,21,5,4,6,7,5,1,1,443,3,4,22,0,0,0,0,Aug,Hcap,David Loughnane,D Egan,28.28,31.47,0,8,-20,33.33,33.33,33.33,33.33,100,100,110,86.56,529.88,3,0,1541,0,25,4,6,9,416,9,0, 
260811,1630,Lingfield,Malachy's Wish,A/W,P,Y,7,11.33,7.5,7.5,4,D,g,3,134, ,1.01,23,6,6,5,5,6,5,0,524,4,2,81.01,0,0,0,0,Aug,Hcap,Jamie Osborne,Saffie Osborne,37.26,40.33,0,10,-30,33.33,50,100,40,100,100,101,83.58,607.91,6,0,1541,0,59,1,4,5,320,3,0, 
260811,1630,Lingfield,Souffler,A/W,P,Y,7,9.33,9,9,4,S,f,3,132, ,1.08,25,7,6,7,6,7,4,0,421,2,4,0,0,0,0,0,Aug,Hcap,Kevin Foy,Miss Taryn Langley,32.62,16.28,5,1,-30,33.33,33.33,100,33.33,80,33.33,108,33.33,454.65,7,0,1541,0,293,0,3,3,293,1,0, 
260811,1630,Lingfield,Brisk Symphony,A/W,P,Y,7,5.33,13,12,4,D,f,3,132, ,0.87,9,3,1,2,3,1,6,2,610,4,1,9,0,0,0,0,Aug,Hcap,Jonathan Portman,Jason Watson,27.23,26.29,0,6,90,100,100,100,90,33.33,100,87,100,710.33,1,0,1541,0,24,2,6,9,397,7,0, 
260811,1630,Lingfield,Pints In Peace,A/W,P,Y,7,8.33,23,23,4,S,g,3,127, ,1.18,17,4,4,4,4,3,7,0,598,2,0,73.67,0,0,0,0,Aug,Hcap,Suzi Best,Finley Marsh,24.66,35.29,0,6,-20,70,70,100,80,80,80,118,97.01,695.01,4,0,1541,0,38,3,13,16,95,4,0, 
260811,1645,Carlisle,Asia Force,Turf, ,Y,8,6.33,3,2.5,4,S,g,3,128, ,1.06,17,4,4,6,5,8,6,0,509,2,1,47.67,0,0,0,0,Aug,Hcap,K R Burke,Clifford Lee,40.78,33.65,0,4,40,50,50,33.33,90,100,80,106,33.33,542.66,1,0,3112,0,41,2,5,5,0,0,0, 
260811,1645,Carlisle,Shipshape,Turf, ,Y,8,5.33,3.5,3.75,4,S,g,4,136, ,0.53,7,1,4,1,1,2,4,3,613,4,0,46,0,0,0,0,Aug,Hcap,Bernard Llewellyn,Oisin Orr,54.65,53.66,0,2,40,100,90,100,100,70,100,53,101.49,714.49,5,0,3112,0,45,3,9,12,59,2,0, 
260811,1645,Carlisle,Talismans Time,Turf, ,Y,8,6.33,5,5,4,S,g,4,142, ,0.27,9,2,1,2,3,7,8,1,567,4,1,43.67,0,0,0,0,Aug,Hcap,Ed Bethell,C Horgan,48.91,22.64,5,5,80,70,70,100,100,100,100,27,52.23,619.23,2,0,3112,0,18,2,4,8,395,5,0, 
260811,1645,Carlisle,Dance Time,Turf, ,Y,8,10,8,8.5,4,U,m,6,133, ,0.8,24,7,8,5,6,4,3,0,516,2,2,7.33,0,0,0,0,Aug,Hcap,David Loughnane,S H James,28.28,41.4,0,3,-30,33.33,33.33,100,90,100,80,80,97.01,613.67,3,0,3112,0,57,2,11,22,260,8,0, 
260811,1645,Carlisle,Gibside,Turf, ,Y,8,8.66,10,9,4,U,g,7,131, ,1.6,23,6,6,7,4,2,2,0,461,2,2,42.34,0,0,0,0,Aug,Hcap,Tim Easterby,Duran Fentiman,29.69,14.84,0,3,30,70,33.33,50,50,100,33.33,125,97.01,558.67,4,0,3112,0,18,5,13,23,287,10,0, 
260811,1645,Carlisle,Ludo's Landing,Turf, ,Y,8,7.33,13,13,4,U,g,6,132, ,1.86,17,4,2,4,7,5,1,1,518,3,1,1.67,0,0,0,0,Aug,Hcap,Charlie Johnston,Jason Hart,34,40.54,0,4,45,60,50,33.33,50,100,100,125,86.56,604.89,6,0,3112,0,10,4,12,23,158,7,0, 
260811,1645,Carlisle,Savrola,Turf, ,Y,8,11.66,15,15,4,D,g,7,138, ,0.8,14,3,2,3,2,1,7,1,523,1,1,5,0,0,0,0,Aug,Hcap,Dianne Sayer,Tom Eaves,0,18.4,0,15,45,70,90,100,70,33.33,80,80,102.98,626.31,7,0,3112,0,45,3,3,12,409,5,0, 
260811,1700,Lingfield,Distillation,A/W,P,Y,11,9.33,4.5,4.5,6,S,g,3,127, ,1.01,9,1,5,1,1,4,8,3,601,4,0,24,0,0,0,0,Aug,Hcap-App,Mark Usher,D J Murphy,39.17,39.15,5,5,20,90,60,100,50,100,100,101,100,701,6,0,1541,0,5,4,7,7,21,2,0, 
260811,1700,Lingfield,Jackson Street,A/W,P,Y,11,9,6.5,6,6,S,g,5,132, ,0.87,15,4,3,2,5,3,11,0,577,3,0,7.67,0,0,0,0,Aug,Hcap-App,Michael Attwater,S C Cronin,28.58,40.57,0,3,60,60,50,100,100,100,80,87,90.32,667.32,1,0,1541,0,10,4,15,31,232,7,0, 
260811,1700,Lingfield,African Spirit,A/W,P,Y,11,9.66,7,6.5,6,S,g,5,132, ,1.16,18,6,5,3,4,7,4,0,569,3,2,1.33,0,0,0,0,Aug,Hcap-App,Ian Williams,Luke Catton,38.28,50.06,0,3,20,90,33.33,90,40,100,100,116,95.16,664.49,8,0,1541,0,12,4,4,7,0,0,0, 
260811,1700,Lingfield,Gal,A/W,P,Y,11,13.66,7,7,6,S,f,3,126, ,1.1,37,10,10,7,10,11,9,0,509,4,3,32.66,0,0,0,0,Aug,Hcap-App,Daniel Mark Loughnane,Miss Hope Regan,42.58,89.5,7,1,-30,33.33,33.33,100,33.33,100,100,110,33.33,543.32,3,0,1541,0,28,3,5,6,28,1,0, 
260811,1700,Lingfield,King David,A/W,P,Y,11,8.66,11,7.5,6,S,g,5,135, ,1.18,14,2,1,4,2,1,7,2,568,3,0,43,0,0,0,0,Aug,Hcap-App,Gay Kelleway,Toby Moore,29.02,36.18,7,9,85,60,60,100,50,80,100,118,103.22,671.22,4,0,1541,0,44,2,14,22,706,21,0, 
260811,1700,Lingfield,Yes Waliim,A/W,P,Y,11,14,7,9,6,D,g,3,129, ,0.78,37,10,8,11,9,8,5,0,367,1,4,0,0,0,0,0,Aug,Hcap-App,Richard Hughes,Oliver Hoodless,35.51,0,7,6,-20,33.33,50,33.33,40,100,33.33,78,33.33,401.32,2,0,1541,0,11,4,6,8,0,0,0, 
260811,1700,Lingfield,Aplaceinthesun,A/W,P,Y,11,12.33,9,9,6,S,f,3,123, ,1.08,32,7,8,9,11,10,2,0,441,3,4,33.99,0,0,0,0,Aug,Hcap-App,Ollie Sangster,Ashley Lewis,46.71,39.01,0,4,-20,33.33,33.33,33.33,33.33,100,100,108,33.33,474.65,7,0,1541,0,14,1,4,5,0,0,0, 
260811,1700,Lingfield,Twitch,A/W,P,Y,11,9.33,13,10,6,S,g,9,126, ,1.04,14,2,4,6,3,5,6,0,517,3,1,7.34,0,0,0,0,Aug,Hcap-App,Craig Benton,Charlie Tucker,0,47.56,7,4,45,60,60,100,60,33.33,100,104,87.09,604.42,11,0,1541,0,28,3,9,22,682,19,0, 
260811,1700,Lingfield,Prince Ali,A/W,P,Y,11,12,10,11,6,S,g,8,134, ,1.14,33,8,7,10,8,6,3,0,407,1,2,39.34,0,0,0,0,Aug,Hcap-App,T Faulkner,Miss Zoe Lewis,43.9,43.9,7,2,10,50,50,33.33,40,60,60,114,87.09,494.42,5,0,1541,0,18,2,10,18,66,2,0, 
260811,1700,Lingfield,Material Girl,A/W,P,Y,11,15.33,13,17,6,S,f,3,120, ,1.14,36,9,10,8,7,9,1,1,477,2,2,36.01,0,0,0,0,Aug,Hcap-App,Archie Watson,Mason Paetel,41.11,38.36,0,5,-30,60,50,33.33,40,80,100,114,33.33,510.66,9,0,1541,0,11,4,4,4,0,0,0, 
260811,1700,Lingfield,Ashford Hill,A/W,P,Y,11,8.66,21,19,6,D,m,5,126, ,0.95,16,5,2,5,6,2,10,0,525,2,0,7.67,0,0,0,0,Aug,Hcap-App,Dominic Ffrench Davis,Isobelle Chalmers,30.13,38.73,7,9,70,50,50,100,100,80,50,95,93.54,618.54,10,0,1541,0,7,2,8,20,199,6,0, 
260811,1715,Carlisle,Leelawadee,Turf, ,Y,9,7.66,2.88,2.75,6,D,f,3,135, ,0.61,19,5,4,7,7,2,8,0,417,1,2,33.34,0,0,0,0,Aug,Hcap,Michael Dods,Mark Winn,27.43,28.53,0,2,20,33.33,50,60,33.33,100,80,61,96.72,514.38,4,0,1515,0,26,3,4,4,0,0,0, 
260811,1715,Carlisle,Only Dream Big,Turf, ,Y,9,6.66,4.5,4,6,D,f,3,134, ,1.04,7,1,3,1,1,1,5,4,537,3,1,22,0,0,0,0,Aug,Hcap,Tim Easterby,Ben Robinson,29.69,27.88,0,6,50,70,50,100,33.33,100,80,104,108.19,645.52,1,0,1515,0,13,8,12,12,50,4,0, 
260811,1715,Carlisle,Sparkling Pink,Turf, ,Y,9,8,6,5.5,6,S,f,3,130, ,1.29,14,2,2,3,3,3,5,0,488,1,1,50.34,0,0,0,0,Aug,Hcap,Adrian Nicholls,Jack Garritty,39.67,34.28,0,7,65,70,60,33.33,70,50,80,125,80.32,568.65,8,0,1515,0,10,4,8,13,399,10,0, 
260811,1715,Carlisle,Truly Special,Turf, ,Y,9,8,5.5,5.5,6,S,f,3,125, ,0.92,16,3,7,2,4,4,7,0,515,2,1,27,0,0,0,0,Aug,Hcap,John Wainwright,Jason Hart,49.99,40.54,0,1,10,60,70,33.33,100,60,100,92,80.32,595.65,3,0,1515,0,64,2,7,9,64,1,0, 
260811,1715,Carlisle,Viviana,Turf, ,Y,9,7.66,7.5,7,6,D,f,3,134, ,0.98,18,4,1,5,8,6,4,1,431,2,4,6.33,0,0,0,0,Aug,Hcap,Charlie Johnston,Oisin Orr,34,53.66,0,4,70,33.33,33.33,33.33,33.33,100,100,98,98.36,529.68,5,0,1515,0,28,4,5,5,0,0,0, 
260811,1715,Carlisle,Storm Esme,Turf, ,Y,9,9,13,15,6,D,f,3,135, ,0.51,19,5,4,8,2,7,9,0,384,2,4,33.67,0,0,0,0,Aug,Hcap,Tim Easterby,Duran Fentiman,29.69,14.84,0,8,20,100,33.33,33.33,33.33,100,33.33,51,33.33,417.65,9,0,1515,0,40,4,8,8,301,6,0, 
260811,1715,Carlisle,Oasis Cover,Turf, ,Y,9,9.33,21,21,6,D,f,3,130, ,1.71,25,8,7,6,5,9,3,0,424,1,3,7.33,0,0,0,0,Aug,Hcap,Micky Hammond,Aiden Brookes,23.21,21.09,0,7,10,60,60,33.33,33.33,33.33,80,125,33.33,458.32,2,0,1515,0,18,4,8,8,0,0,0, 
260811,1715,Carlisle,Douwantitrightnow,Turf, ,Y,9,10.33,41,34,6,D,f,3,134, ,1.04,30,9,4,9,9,4,1,1,350,1,5,0,0,0,0,0,Aug,Hcap,Kevin Ryan,Tom Eaves,25.22,18.4,0,10,20,33.33,33.33,33.33,33.33,33.33,80,104,80.32,430.97,7,0,1515,0,57,2,5,6,0,0,0, 
260811,1730,Hamilton,Hurt You Never,Turf, ,Y,8,4.66,4,4,6,S,m,7,135, ,1.22,6,1,1,2,2,1,6,3,595,4,1,83,0,0,0,0,Aug,Hcap-App,Adrian Nicholls,Mr Matthew Slater,39.67,0,0,2,195,100,90,100,100,50,33.33,122,111.47,706.8,8,0,1107,0,8,6,12,26,374,14,0, 
260811,1730,Hamilton,Ukiyo,Turf, ,Y,8,10,7,5,6,S,m,5,128, ,1.38,17,4,6,5,1,6,5,1,464,2,3,42.67,0,0,0,0,Aug,Hcap-App,A Kinirons,C Geerdharry,41.26,0,0,4,-10,70,70,33.33,33.33,100,33.33,125,33.33,498.32,4,0,1107,0,3,5,11,17,315,11,0, 
260811,1730,Hamilton,Cotai Starlight,Turf, ,Y,8,9.66,5,5.5,6,S,f,3,132, ,1.05,24,6,6,7,7,99,7,0,378,1,4,2,0,0,0,0,Aug,Hcap-App,Katie Scott,Joe Bradnam,25.42,0,0,4,-10,60,33.33,33.33,33.33,80,33.33,105,33.33,411.65,5,0,1107,0,15,3,6,6,22,2,0, 
260811,1730,Hamilton,Tanjen,Turf, ,Y,8,7.66,5,5.5,6,D,f,4,135, ,0.89,13,3,4,3,3,5,4,0,512,2,1,10,0,0,0,0,Aug,Hcap-App,Tim Easterby,Mr Jake Dickson,29.69,28.45,0,5,20,60,50,100,33.33,100,80,89,90.16,602.49,1,0,1107,0,17,3,9,16,343,8,0, 
260811,1730,Hamilton,Never Dark,Turf, ,Y,8,5.66,6.5,5.5,6,D,g,9,131, ,0.81,9,2,2,1,4,2,2,1,601,4,0,5.67,0,0,0,0,Aug,Hcap-App,Iain Jardine,Mr Jude Fernandes,35.23,36.55,0,7,130,100,70,100,100,100,50,81,86.88,687.88,3,0,1107,0,10,3,8,22,680,18,0, 
260811,1730,Hamilton,South Shore Island,Turf, ,Y,8,8.66,5.5,6,6,S,g,4,124, ,0.89,19,5,3,4,5,3,8,0,502,0,1,37.34,0,0,0,0,Aug,Hcap-App,Elizabeth Quinlan,Molly Keegan-Price,22.62,64.19,5,2,85,70,33.33,50,90,80,90,89,65.57,567.9,6,0,1107,0,13,3,15,24,0,0,0, 
260811,1730,Hamilton,Summerstorms Dream,Turf, ,Y,8,13,12,9,6,S,f,4,121, ,1.13,28,8,6,8,6,4,3,0,376,1,4,0,0,0,0,0,Aug,Hcap-App,Jim Goldie,Finlay Bassett,38.58,0,7,6,-10,50,33.33,33.33,33.33,80,33.33,113,85.24,461.56,2,0,1107,0,3,6,7,12,0,0,0, 
260811,1730,Hamilton,Hvar,Turf, ,Y,8,10.33,21,23,6,S,g,3,132, ,1.09,25,7,5,6,8,7,1,1,422,2,4,44,0,0,0,0,Aug,Hcap-App,John Quinn,Alfie Redman,39.95,35.25,0,9,10,33.33,33.33,33.33,33.33,80,100,109,33.33,455.65,7,0,1107,0,36,3,8,8,304,6,0, 
260811,1745,Nottingham,Apulia Bay,Turf, ,Y,2,1.66,1.36,1.36,4,D,c,2,130, ,1.16,7,2,2,2,2,99,1,1,429,2,4,0,0,0,0,0,Aug,Hcap-Nur,Simon and Ed Crisford,James Doyle,57.12,47.03,0,2,10,33.33,33.33,33.33,33.33,100,80,116,33.33,462.65,2,0,1835,0,14,2,2,2,0,0,0, 
260811,1745,Nottingham,Time For The Moon,Turf, ,Y,2,1.33,3,3,4,D,c,2,131, ,1.06,5,1,1,1,1,1,2,5,505,4,3,76.67,0,0,0,0,Aug,Hcap-Nur,Charlie Johnston,Callum Shepherd,34,48.2,0,10,20,100,33.33,33.33,33.33,100,100,106,33.33,539.32,1,0,1835,0,18,4,4,4,67,3,0, 
260811,1800,Hamilton,Baldetti,Turf, ,N,6,4,2.5,2.5,4,S,c,2,133, ,1.06,5,1,1,1,1,1,2,5,609,3,1,129,0,0,0,0,Aug,Nov,Michael Dods,S B Kirrane,27.43,30.09,0,2,10,90,33.33,90,90,100,100,106,33.33,642.66,5,0,1326,0,25,1,2,2,0,0,0, 
260811,1800,Hamilton,Harley,Turf, ,N,6,4,2.5,2.63,4,U,g,2,133, ,0.93,8,2,2,3,2,3,1,1,462,2,3,74.34,0,0,0,0,Aug,Nov,Ed Bethell,Daniel Tudhope,48.91,51.07,0,2,-10,33.33,33.33,70,33.33,100,100,93,33.33,496.32,3,0,1326,0,15,4,4,4,0,0,0, 
260811,1800,Hamilton,Sea Mirage,Turf, ,N,6,5,5,5.5,4,S,g,2,133, ,1.22,14,3,2,4,5,4,3,0,388,2,5,16,0,0,0,0,Aug,Nov,Kevin Ryan,Shane Gray,25.22,37.11,0,4,-10,33.33,33.33,33.33,33.33,33.33,100,122,33.33,421.98,1,0,1326,0,25,2,4,4,0,0,0, 
260811,1800,Hamilton,Profitability,Turf, ,N,6,9,13,8,4,S,f,2,125, ,1.06,17,5,4,5,3,5,5,0,372,2,5,9.33,0,0,0,0,Aug,Nov,Craig Lidster,William Pyle,20.78,41.68,0,6,-20,33.33,33.33,33.33,33.33,33.33,100,106,33.33,405.98,2,0,1326,0,32,2,2,2,0,0,0, 
260811,1800,Hamilton,Longshanks Luke,Turf, ,N,6,8,11,11,4,S,g,2,133, ,1.17,14,3,4,2,4,1,4,1,480,2,1,17.34,0,0,0,0,Aug,Nov,Patrick Neville,Barry McHugh,35.85,17.36,0,4,-20,50,33.33,50,50,80,100,117,33.33,513.66,4,0,1326,0,6,2,2,2,0,0,0, 
260811,1800,Hamilton,Lightenings Legacy,Turf, ,N,6,11,41,51,4,S,c,2,130, ,0.8,19,6,4,6,99,99,6,0,363,1,4,0,0,0,0,0,Aug,Nov,Mark Usher,Mr Jude Fernandes,39.17,36.55,7,9,-20,33.33,33.33,33.33,33.33,100,50,80,33.33,396.65,6,0,1326,0,43,1,1,1,0,0,0, 
260811,1815,Nottingham,Blessed Voyager,Turf, ,N,3,2,2.1,2,4,S,g,2,137, ,1.19,4,1,1,1,1,1,2,5,699,5,0,258.67,0,0,0,0,Aug,Nov,Ralph Beckett,Hector Crouch,39.4,30.71,0,2,5,100,90,90,100,100,100,119,89.55,788.55,2,0,1338,0,18,1,2,2,116,2,0, 
260811,1815,Nottingham,Jeyoush,Turf, ,N,3,3.33,3,3,4,S,c,2,130, ,1.01,9,3,2,3,99,99,1,1,414,2,4,0,0,0,0,0,Aug,Nov,Simon and Ed Crisford,James Doyle,57.12,47.03,0,0,-10,33.33,33.33,33.33,33.33,100,80,101,33.33,447.65,1,0,1338,0,0,0,0,0,0,0,0, 
260811,1815,Nottingham,Baddaddan,Turf, ,N,3,3,3.75,3.25,4,S,g,2,130, ,0.97,8,2,2,2,2,2,3,0,440,0,1,26.01,0,0,0,0,Aug,Nov,Richard Spencer,George Wood,32.9,34.55,0,4,-10,60,33.33,60,60,50,80,97,33.33,473.66,3,0,1338,0,24,1,1,1,0,0,0, 
260811,1830,Hamilton,Sheikhnshah,Turf, ,N,8,5.66,2.5,2,4,S,g,3,133, ,1.31,6,1,2,1,1,4,2,3,531,1,2,28,0,0,0,0,Aug,Mdn,Julie Camacho,Ryan Sexton,35.17,26.86,0,3,0,90,33.33,90,33.33,80,80,125,33.33,564.99,2,0,1828,0,54,1,3,3,0,0,0, 
260811,1830,Hamilton,Matter Of Britain,Turf, ,N,8,5.33,3.75,4.5,4,U,g,3,133, ,0.87,8,2,2,2,3,1,3,1,503,2,2,14,0,0,0,0,Aug,Mdn,David O'Meara,Daniel Tudhope,42.01,51.07,0,3,-10,33.33,33.33,60,90,100,100,87,33.33,536.99,8,0,1828,0,12,2,2,2,0,0,0, 
260811,1830,Hamilton,League Of Justice,Turf, ,N,8,9,9,5,4,S,g,3,133, ,0.76,20,6,4,8,99,99,1,1,389,1,4,0,0,0,0,0,Aug,Mdn,Gemma Tutty,Mr Jake Dickson,42.03,28.45,5,6,-20,33.33,33.33,33.33,33.33,100,80,76,33.33,422.65,7,0,1828,0,19,1,1,1,0,0,0, 
260811,1830,Hamilton,Upper East,Turf, ,N,8,9,4,5.5,4,D,c,3,133, ,1.12,20,6,4,6,5,5,8,0,425,2,4,14,0,0,0,0,Aug,Mdn,Katie Scott,S D Bowen,25.42,33.79,0,6,-20,33.33,33.33,33.33,33.33,80,100,112,33.33,458.65,3,0,1828,0,59,2,2,2,0,0,0, 
260811,1830,Hamilton,Eagles Instinct,Turf, ,N,8,8,13,17,4,S,c,3,133, ,1.49,14,3,2,5,99,99,6,0,438,2,4,13,0,0,0,0,Aug,Mdn,Jim Goldie,Paul Mulrennan,38.58,44.12,0,0,-10,33.33,33.33,33.33,33.33,80,100,125,33.33,471.65,4,0,1828,0,0,0,0,0,0,0,0, 
260811,1830,Hamilton,Freddy Fearless,Turf, ,N,8,12,13,17,4,D,g,3,133, ,1.38,19,4,4,4,4,3,7,0,458,3,4,20,0,0,0,0,Aug,Mdn,David Barron,William Pyle,33.67,41.68,0,7,-20,33.33,33.33,33.33,33.33,100,100,125,33.33,491.65,5,0,1828,0,35,2,2,2,0,0,0, 
260811,1830,Hamilton,Al Fujairah,Turf, ,N,8,9.33,19,21,4,U,g,3,133, ,1.23,19,4,8,3,2,2,5,0,489,3,2,31.34,0,0,0,0,Aug,Mdn,Iain Jardine,Andrew Mullen,35.23,30.33,0,3,-30,33.33,33.33,50,50,100,100,123,33.33,522.99,1,0,1828,0,26,2,2,2,0,0,0, 
260811,1830,Hamilton,Midnight Serenade,Turf, ,N,8,20,151,201,4,D,f,3,128, ,0.98,23,8,4,7,99,6,4,0,411,1,4,22,0,0,0,0,Aug,Mdn,Robert Smith,S B Kirrane,35.16,30.09,0,5,-20,33.33,33.33,33.33,33.33,80,100,98,33.33,444.65,6,0,1828,0,10,1,1,1,0,0,0, 
260811,1845,Nottingham,Free World,Turf, ,Y,6,4,2.25,2.5,6,S,g,5,146, ,0.92,7,1,2,3,1,2,3,2,508,2,2,31.67,0,0,0,0,Aug,Hcap-App,Ian Williams,Tom Kiely-Marshall,38.28,21.62,3,1,80,70,33.33,100,33.33,100,80,92,33.33,541.99,1,0,3520,0,7,4,4,4,7,1,0, 
260811,1845,Nottingham,Hope Rising,Turf, ,Y,6,5.66,2.88,2.75,6,S,m,5,141, ,1.23,10,3,4,1,3,4,2,1,576,4,1,18,0,0,0,0,Aug,Hcap-App,Jamie Snowden,Harry Vigors,100,35.07,3,1,0,70,33.33,100,50,100,100,123,33.33,609.66,4,0,3520,0,7,4,8,15,7,1,0, 
260811,1845,Nottingham,Joanna Hiffernan,Turf, ,Y,6,6.33,5,4.33,6,S,f,4,142, ,1.07,15,4,4,4,4,99,1,1,476,2,3,51.67,0,0,0,0,Aug,Hcap-App,Owen Burrows,Mr Jack Callan,47.11,37.71,0,2,0,90,33.33,33.33,33.33,100,80,107,33.33,510.32,3,0,3520,0,28,3,4,4,0,0,0, 
260811,1845,Nottingham,Simiyann,Turf, ,Y,6,4.66,11,11,6,S,g,6,138, ,1.38,9,2,1,2,2,1,5,2,558,3,1,49.67,0,0,0,0,Aug,Hcap-App,Ian Williams,Ryan Kavanagh,38.28,35.09,0,3,120,60,33.33,100,60,100,80,125,100,658.33,5,0,3520,0,12,5,13,31,354,13,0, 
260811,1845,Nottingham,Zooter,Turf, ,Y,6,7.33,13,13,6,D,g,3,132, ,0.92,19,5,3,5,6,5,4,0,425,2,4,33.67,0,0,0,0,Aug,Hcap-App,Jack Jones,C Planas,34.87,54.16,0,4,20,33.33,33.33,33.33,33.33,100,100,92,33.33,458.65,6,0,3520,0,16,4,8,10,0,0,0, 
260811,1845,Nottingham,Assured,Turf, ,Y,6,13.33,101,101,6,S,m,5,129, ,1.38,23,6,6,6,5,3,6,0,391,2,5,0,0,0,0,0,Aug,Hcap-App,Tom Gretton,Warren Fentiman,0,49.64,0,5,-20,33.33,33.33,33.33,33.33,33.33,100,125,33.33,424.98,2,0,3520,0,27,2,5,7,0,0,0, 
260811,1900,Hamilton,Spoken Truth,Turf, ,Y,14,13.33,5,4.33,3,D,g,5,138, ,1.09,28,7,3,8,10,9,6,0,565,4,2,65.33,0,0,0,0,Aug,Hcap,David O'Meara,Daniel Tudhope,42.01,51.07,0,4,20,90,100,33.33,33.33,100,100,109,33.33,598.99,3,0,2015,0,17,5,10,13,0,0,0, 
260811,1900,Hamilton,Return To Unit,Turf, ,Y,14,14.33,3.75,4.33,3,U,g,4,141, ,1.25,21,4,13,5,1,8,4,1,591,5,2,23.33,0,0,0,0,Aug,Hcap,Roger Varian,S D Bowen,47.93,33.79,0,1,-40,33.33,100,100,33.33,100,100,125,92.85,684.51,7,0,2015,0,61,2,5,5,61,1,0, 
260811,1900,Hamilton,Strength Of Spirit,Turf, ,Y,14,12,13,7.5,3,D,g,3,130, ,0.27,20,3,3,9,3,6,0,0,500,3,2,53.67,0,0,0,0,Aug,Hcap,K R Burke,Mr Jack Nicholls,40.78,26.95,3,10,20,90,100,50,33.33,100,100,27,101.42,601.75,10,0,2015,0,12,4,7,11,129,7,0, 
260811,1900,Hamilton,Altareq,Turf, ,Y,14,13.33,9,7.5,3,D,g,4,140, ,0.98,24,6,7,7,4,5,11,0,568,2,0,2.34,0,0,0,0,Aug,Hcap,Jim Goldie,Lauren Young,38.58,41.85,5,19,0,100,50,100,60,80,80,98,85.71,653.71,4,0,2015,0,31,6,6,9,37,2,0, 
260811,1900,Hamilton,Point Of Contact,Turf, ,Y,14,9,8.5,8,3,D,g,4,141, ,1.25,13,1,1,6,5,6,3,2,568,4,1,0.33,0,0,0,0,Aug,Hcap,Andrew Balding,P J McDonald,40.7,32.96,0,8,60,60,100,100,33.33,100,50,125,100,668.33,5,0,2015,0,38,3,5,9,59,2,0, 
260811,1900,Hamilton,Galyx,Turf, ,Y,14,27,9,8.5,3,S,g,5,135, ,1.14,28,7,7,2,7,2,8,0,614,4,0,16,0,0,0,0,Aug,Hcap,Jack Channon,Nicola Currie,42.76,48.54,0,4,0,100,50,100,70,80,100,114,98.57,712.57,1,0,2015,0,60,2,2,7,672,6,0, 
260811,1900,Hamilton,Dwindling Funds,Turf, ,Y,14,11.33,8.5,9,3,U,g,5,132, ,1.4,14,2,7,1,2,4,2,1,675,5,0,61,0,0,0,0,Aug,Hcap,Jim Goldie,Paul Mulrennan,38.58,44.12,0,1,0,100,70,100,100,80,100,125,94.28,769.28,12,0,2015,0,17,5,15,25,17,1,0, 
260811,1900,Hamilton,Double Parked,Turf, ,Y,14,11.33,10,11,3,U,g,4,137, ,0.76,31,10,2,13,13,11,9,0,425,2,3,29.67,0,0,0,0,Aug,Hcap,Tim Easterby,David Allan,29.69,49.29,0,1,40,50,33.33,33.33,33.33,100,100,76,33.33,459.32,6,0,2015,0,45,3,8,17,45,1,0, 
260811,1900,Hamilton,Cadarn,Turf, ,Y,14,14.66,10,11,3,U,g,5,138, ,1.36,34,11,5,11,11,13,5,0,428,2,4,0,0,0,0,0,Aug,Hcap,Kevin Ryan,Shane Gray,25.22,37.11,0,3,10,70,33.33,33.33,33.33,33.33,100,125,33.33,461.65,2,0,2015,0,24,3,6,13,45,2,0, 
260811,1900,Hamilton,Impartiality,Turf, ,Y,14,14,13,13,3,S,g,4,138, ,0.88,23,5,5,3,6,1,7,1,598,2,0,2.67,0,0,0,0,Aug,Hcap,Phillip Makin,Dougie Costello,29.01,33.69,0,2,10,60,90,100,100,80,80,88,95.71,693.71,13,0,2015,0,59,2,6,15,424,10,0, 
260811,1900,Hamilton,Swift Salian,Turf, ,Y,14,21.66,17,19,3,U,g,5,130, ,0.92,36,12,12,4,9,3,10,0,595,4,1,3.67,0,0,0,0,Aug,Hcap,David Barron,William Pyle,33.67,41.68,0,2,-15,33.33,70,100,100,100,100,92,87.14,682.47,8,0,2015,0,61,1,6,15,421,9,0, 
260811,1900,Hamilton,Brigid's Well,Turf, ,Y,14,19.66,21,21,3,S,f,3,129, ,0.95,48,13,13,11,14,12,12,0,428,2,4,2.33,0,0,0,0,Aug,Hcap,Hugo Palmer,Andrew Mullen,36.15,30.33,0,6,-40,33.33,33.33,33.33,33.33,100,100,95,33.33,461.65,11,0,2015,0,37,2,6,7,347,6,0, 
260811,1900,Hamilton,Blue To Blue,Turf, ,Y,14,60.66,26,29,3,U,g,3,125, ,1.13,50,14,11,14,12,10,13,0,396,2,4,0,0,0,0,0,Aug,Hcap,Ruth Jefferson,Billy Garritty,0,31.17,0,3,-10,50,33.33,33.33,33.33,33.33,100,113,33.33,429.65,9,0,2015,0,23,3,8,13,341,7,0, 
260811,1915,Nottingham,Diane Chasseresse,Turf, ,Y,8,10.33,4.5,4,6,D,f,3,133, ,1.14,27,7,8,7,8,99,1,1,427,2,4,73.67,0,0,0,0,Aug,Hcap,Owen Burrows,Callum Rodriguez,47.11,45.88,0,6,-20,33.33,33.33,33.33,33.33,100,80,114,33.33,460.65,6,0,2250,0,29,2,3,3,0,0,0, 
260811,1915,Nottingham,Midnight Media,Turf, ,Y,8,7.66,4.5,4.5,6,S,f,3,130, ,1.37,15,4,5,3,2,4,4,0,558,3,1,63.67,0,0,0,0,Aug,Hcap,William Muir,Tom Marquand,35.46,40.22,0,2,30,60,60,100,33.33,80,100,125,90.16,648.49,4,0,2250,0,18,4,8,8,36,2,0, 
260811,1915,Nottingham,Beauty Generation,Turf, ,Y,8,5.33,5,5.5,6,S,g,5,136, ,1.1,8,1,2,1,3,1,3,3,630,4,0,48.67,0,0,0,0,Aug,Hcap,R Burdon,Callum Shepherd,30.55,48.2,0,3,95,70,70,100,100,80,100,110,86.88,716.88,7,0,2250,0,21,3,10,20,40,2,0, 
260811,1915,Nottingham,Bradbury,Turf, ,Y,8,6.33,7,6,6,D,g,3,132, ,1.08,10,2,6,2,1,2,2,1,581,3,1,23,0,0,0,0,Aug,Hcap,Ed Bethell,Mr Jack Callan,48.91,37.71,0,3,25,90,33.33,100,70,100,80,108,80.32,661.65,1,0,2250,0,16,5,11,11,57,3,0, 
260811,1915,Nottingham,The Anthony Gover,Turf, ,Y,8,12.33,7.5,7,6,S,g,3,131, ,0.87,30,8,7,8,7,7,7,0,353,1,5,0,0,0,0,0,Aug,Hcap,Dr Richard Newland,Jack Doughty,21.3,42.33,0,6,-5,33.33,33.33,33.33,33.33,33.33,100,87,33.33,386.98,3,0,2250,0,33,3,6,6,0,0,0, 
260811,1915,Nottingham,Daretobedifferent,Turf, ,Y,8,8,8,8.5,6,S,f,3,135, ,1.08,18,5,4,4,4,3,8,0,494,2,2,28.33,0,0,0,0,Aug,Hcap,Des Donovan,Marco Ghiani,21.07,43.11,0,4,50,70,70,33.33,100,33.33,80,108,33.33,527.99,5,0,2250,0,9,6,11,16,72,5,0, 
260811,1915,Nottingham,Tommo's Ginjaninja,Turf, ,Y,8,9.33,9,10,6,S,g,3,132, ,1.05,22,6,3,6,6,6,6,0,454,2,3,27.67,0,0,0,0,Aug,Hcap,Michael Easterby,Miss Joanna Mason,32.46,34.43,0,9,65,33.33,33.33,70,33.33,100,80,105,33.33,488.32,8,0,2250,0,57,2,7,7,0,0,0, 
260811,1915,Nottingham,Katalyst,Turf, ,Y,8,6.66,12,13,6,S,f,3,130, ,1.03,14,3,1,5,5,5,5,1,466,1,1,11.34,0,0,0,0,Aug,Hcap,William Muir,Ryan Kavanagh,35.46,35.09,3,4,105,60,60,33.33,50,80,80,103,33.33,499.66,2,0,2250,0,15,5,11,11,0,0,0, 
260811,1930,Hamilton,Sanafi Zabeel,Turf, ,Y,10,8.66,3.25,2.75,5,S,g,5,135, ,1.31,14,2,4,1,6,5,7,1,645,4,0,36.67,0,0,0,0,Aug,Hcap,Jim Goldie,Paul Mulrennan,38.58,44.12,0,5,30,70,70,100,100,80,100,125,33.33,678.33,10,0,1828,0,3,7,8,8,76,6,0, 
260811,1930,Hamilton,Second Fiddle,Turf, ,Y,10,8.33,4.33,4.33,5,S,m,7,135, ,0.87,15,4,6,3,4,3,6,0,590,4,1,2.33,0,0,0,0,Aug,Hcap,Iain Jardine,Andrew Mullen,35.23,30.33,0,3,20,33.33,70,100,100,100,100,87,95.31,685.64,8,0,1828,0,25,6,16,20,225,10,0, 
260811,1930,Hamilton,Quiet Resolve,Turf, ,Y,10,15,8.5,5,5,D,g,5,141, ,0.98,18,5,2,4,3,1,10,1,588,3,0,17,0,0,0,0,Aug,Hcap,Alan Brown,S B Kirrane,33.98,30.09,0,6,70,70,70,100,100,50,100,98,104.68,692.68,6,0,1828,0,17,4,8,23,100,5,0, 
260811,1930,Hamilton,Epidavros,Turf, ,Y,10,9,6,6.5,5,S,m,5,138, ,0.81,14,2,1,5,2,2,5,1,571,2,0,21.67,0,0,0,0,Aug,Hcap,Katie Scott,P J McDonald,25.42,32.96,0,5,110,70,90,100,100,80,50,81,93.75,664.75,9,0,1828,0,55,3,9,22,688,19,0, 
260811,1930,Hamilton,Sogniamo,Turf, ,Y,10,7.66,7.5,9,5,S,f,3,133, ,0.76,21,6,6,6,8,7,3,0,549,3,1,34,0,0,0,0,Aug,Hcap,David O'Meara,Daniel Tudhope,42.01,51.07,0,5,20,70,70,33.33,100,100,100,76,33.33,582.66,7,0,1828,0,25,3,4,4,76,3,0, 
260811,1930,Hamilton,Turtle Reef,Turf, ,Y,10,11.33,11,15,5,S,g,3,131, ,1.38,31,8,8,9,10,99,2,0,391,2,5,0,0,0,0,0,Aug,Hcap,Hugo Palmer,Alistair Rawlinson,36.15,23.3,0,7,0,33.33,33.33,33.33,33.33,100,33.33,125,33.33,424.98,5,0,1828,0,33,2,5,5,0,0,0, 
260811,1930,Hamilton,Real Trouper,Turf, ,Y,10,19.33,12,15,5,D,g,4,139, ,1.49,37,10,9,9,9,8,9,0,391,2,5,0,0,0,0,0,Aug,Hcap,Craig Lidster,David Allan,20.78,49.29,0,7,-10,33.33,33.33,33.33,33.33,33.33,100,125,33.33,424.98,4,0,1828,0,19,2,2,3,0,0,0, 
260811,1930,Hamilton,Toralou,Turf, ,Y,10,9.33,13,15,5,S,m,5,138, ,1.31,11,1,3,2,1,4,8,2,608,4,1,18,0,0,0,0,Aug,Hcap,Daniel Mark Loughnane,Dougie Costello,42.58,33.69,0,6,40,70,100,100,33.33,100,80,125,106.25,714.58,2,0,1828,0,39,3,9,13,350,8,0, 
260811,1930,Hamilton,Vitality,Turf, ,Y,10,15,15,21,5,S,f,3,130, ,1.23,32,9,9,8,7,9,1,1,472,3,3,81.34,0,0,0,0,Aug,Hcap,Charlie Johnston,S D Bowen,34,33.79,0,9,-10,50,33.33,33.33,33.33,100,100,123,33.33,506.32,1,0,1828,0,38,3,5,5,0,0,0, 
260811,1930,Hamilton,Pink Azalea,Turf, ,Y,10,10.33,21,23,5,S,f,4,139, ,1.12,22,7,4,7,5,6,4,0,515,2,1,42.34,0,0,0,0,Aug,Hcap,John Quinn,Mr Jake Dickson,39.95,28.45,5,9,30,33.33,60,100,50,80,80,112,28.12,543.45,3,0,1828,0,64,2,6,12,334,6,0, 
260811,1945,Nottingham,Moulin Booj,Turf, ,Y,7,6.33,2.75,2.75,4,S,g,6,134, ,1.21,15,4,3,6,3,5,1,1,551,3,0,52.34,0,0,0,0,Aug,Hcap,George Scott,Tom Marquand,30.95,40.22,0,2,105,70,60,100,50,50,100,121,94.02,645.02,4,0,1108,0,10,4,12,26,155,8,0, 
260811,1945,Nottingham,Grandlad,Turf, ,Y,7,5,5.5,5.5,4,S,g,5,133, ,1.24,7,1,1,1,4,4,6,3,644,3,0,54,0,0,0,0,Aug,Hcap,James Horton,Kaiya Fraser,35.83,24.96,0,7,110,90,70,100,100,80,80,124,97.01,741.01,1,0,1108,0,17,2,10,17,107,3,0, 
260811,1945,Nottingham,Michaela's Boy,Turf, ,Y,7,7,6,6,4,S,g,6,140, ,1.1,14,3,1,2,5,3,5,1,590,3,0,4,0,0,0,0,Aug,Hcap,Robert Cowell,Marco Ghiani,27.79,43.11,0,8,110,60,90,100,50,100,80,110,104.47,694.47,6,0,1108,0,36,3,10,25,54,2,0, 
260811,1945,Nottingham,Mesaafi,Turf, ,Y,7,6.33,6.5,6.5,4,D,g,5,133, ,1.06,13,2,4,3,2,1,4,1,586,4,0,14.67,0,0,0,0,Aug,Hcap,R Burdon,Callum Shepherd,30.55,48.2,0,11,95,100,50,100,50,80,100,106,105.97,691.97,5,0,1108,0,15,4,13,27,71,4,0, 
260811,1945,Nottingham,Jax Edge,Turf, ,Y,7,7.33,7,7.5,4,S,m,6,130, ,0.88,20,6,7,4,7,7,3,0,571,3,1,1,0,0,0,0,Aug,Hcap,C Mason,Gina Mangan,48.74,31.97,0,8,20,33.33,90,100,60,100,100,88,33.33,604.66,3,0,1108,0,29,4,10,19,67,3,0, 
260811,1945,Nottingham,Goyard,Turf, ,Y,7,7.66,9,9,4,S,g,4,132, ,1.02,23,7,6,7,6,6,6,0,498,3,2,0,0,0,0,0,Aug,Hcap,David O'Meara,Callum Rodriguez,42.01,45.88,0,4,35,33.33,33.33,100,50,100,80,102,33.33,531.99,2,0,1108,0,16,3,5,8,372,6,0, 
260811,1945,Nottingham,Forager,Turf, ,Y,7,8.66,12,9,4,D,f,4,134, ,0.77,18,5,5,5,1,2,2,1,570,4,1,19.33,0,0,0,0,Aug,Hcap,Simon Pearce,David Probert,0,31.86,0,9,50,100,100,100,60,33.33,100,77,107.46,677.79,7,0,1108,0,81,1,5,14,301,3,0, 
260811,2000,Hamilton,Station X,Turf, ,Y,14,10.66,4.5,4.5,4,D,g,4,136, ,1.17,12,2,1,3,2,5,1,2,617,3,0,21,0,0,0,0,Aug,Hcap,Bryan Smart,Paul Mulrennan,50.74,44.12,0,1,150,90,70,100,70,70,100,117,100,717,4,0,1326,0,59,3,10,16,59,1,0, 
260811,2000,Hamilton,Milford,Turf, ,Y,14,12,6,5,4,D,g,4,135, ,0.96,23,5,4,8,9,7,9,0,529,2,1,4.34,0,0,0,0,Aug,Hcap,Julie Camacho,Daniel Tudhope,35.17,51.07,0,9,85,100,33.33,50,70,80,100,96,98.5,627.83,13,0,1326,0,32,3,7,16,0,0,0, 
260811,2000,Hamilton,Territorial Knight,Turf, ,Y,14,11.66,6.5,6.5,4,S,g,4,135, ,1.32,23,5,4,2,7,8,2,0,618,4,1,1.33,0,0,0,0,Aug,Hcap,Kevin Ryan,Shane Gray,25.22,37.11,0,2,85,90,70,100,100,33.33,100,125,94.02,712.35,9,0,1326,0,36,1,5,12,384,6,0, 
260811,2000,Hamilton,Top Juggler,Turf, ,Y,14,14,7.5,7.5,4,S,g,4,129, ,0.93,32,10,10,6,8,13,14,0,576,3,1,33,0,0,0,0,Aug,Hcap,Seb Spencer,Dale Swift,40.12,18.18,0,1,20,90,100,100,100,60,33.33,93,33.33,609.66,3,0,1326,0,32,3,7,14,32,1,0, 
260811,2000,Hamilton,U Sure Do,Turf, ,Y,14,11.33,7.5,7.5,4,S,g,4,134, ,1.22,11,1,6,1,1,6,12,3,662,5,0,43.67,0,0,0,0,Aug,Hcap,Tim Easterby,David Allan,29.69,49.29,0,1,70,70,100,100,70,100,100,122,97.01,759.01,1,0,1326,0,95,0,8,11,95,1,0, 
260811,2000,Hamilton,Dandy Magic,Turf, ,Y,14,15.33,9,9,4,S,f,4,119, ,1.06,33,11,11,10,11,9,6,0,482,2,2,10.33,0,0,0,0,Aug,Hcap,Jim Goldie,Lauren Young,38.58,41.85,5,3,0,50,33.33,100,33.33,80,80,106,89.55,572.21,5,0,1326,0,18,5,17,24,262,12,0, 
260811,2000,Hamilton,Trilby,Turf, ,Y,14,12.33,11,10,4,D,g,6,135, ,0.89,26,7,2,11,5,1,10,1,472,1,1,2.67,0,0,0,0,Aug,Hcap,Sam England,P J McDonald,22.42,32.96,0,15,110,90,100,50,60,33.33,50,89,105.97,578.3,12,0,1326,0,17,4,13,28,63,2,0, 
260811,2000,Hamilton,Never Just A Dream,Turf, ,Y,14,28.66,13,15,4,D,g,6,133, ,1.06,53,14,11,14,14,14,4,0,395,1,3,0,0,0,0,0,Aug,Hcap,Terry Kent,Alistair Rawlinson,68.07,23.3,0,9,0,50,33.33,50,33.33,90,33.33,106,33.33,429.32,2,0,1326,0,32,2,4,5,0,0,0, 
260811,2000,Hamilton,Cargin Bhui,Turf, ,Y,14,26.33,13,15,4,S,g,5,127, ,1.27,48,12,14,9,13,10,11,0,524,4,3,42.33,0,0,0,0,Aug,Hcap,David Barron,William Pyle,33.67,41.68,0,5,-50,33.33,33.33,100,33.33,100,100,125,85.07,610.06,7,0,1326,0,121,0,12,19,172,4,0, 
260811,2000,Hamilton,Iris Dancer,Turf, ,Y,14,13.66,13,15,4,U,m,8,116, ,0.8,31,8,9,7,10,4,8,0,543,3,1,14,0,0,0,0,Aug,Hcap,Tristan Davidson,Andrew Mullen,45.87,30.33,0,10,30,33.33,70,100,100,60,100,80,101.49,644.82,6,0,1326,0,10,9,20,34,31,3,0, 
260811,2000,Hamilton,Novamay,Turf, ,Y,14,11.66,15,17,4,D,f,4,134, ,0.83,18,3,6,5,3,11,5,0,586,4,1,10,0,0,0,0,Aug,Hcap,Michael Dods,S B Kirrane,27.43,30.09,0,6,70,70,100,100,33.33,100,100,83,105.97,692.3,11,0,1326,0,25,3,6,16,52,2,0, 
260811,2000,Hamilton,Parisiac,Turf, ,Y,14,12.33,17,17,4,S,g,7,129, ,0.66,22,4,8,4,4,2,7,0,596,4,0,9.67,0,0,0,0,Aug,Hcap,Iain Jardine,Mr Jack Nicholls,35.23,26.95,3,10,60,70,100,60,100,100,100,66,102.98,698.98,14,0,1326,0,36,4,11,32,68,4,0, 
260811,2000,Hamilton,Not Me,Turf, ,Y,14,23.66,26,26,4,U,g,5,120, ,1.17,50,13,13,13,12,12,13,0,416,2,3,21,0,0,0,0,Aug,Hcap,Alan Brown,S D Bowen,33.98,33.79,0,8,-30,33.33,50,33.33,33.33,50,100,117,33.33,450.32,10,0,1326,0,15,3,7,11,60,3,0, 
260811,2000,Hamilton,Bergerac,Turf, ,Y,14,14.66,26,29,4,D,g,8,127, ,0.93,31,8,2,12,6,3,3,0,469,1,2,52.67,0,0,0,0,Aug,Hcap,Kevin Ryan,O McSweeney,25.22,27.41,0,10,110,90,70,50,100,33.33,33.33,93,82.08,551.74,8,0,1326,0,41,3,7,18,422,10,0, 
260811,2015,Nottingham,Sugar Sugar,Turf, ,Y,6,4.66,2.5,2.38,5,S,f,3,133, ,0.97,8,2,4,2,1,3,2,1,580,2,1,23.33,0,0,0,0,Aug,Hcap-Fil,Jack Channon,George Bass,42.76,26.61,0,1,0,100,90,100,33.33,80,80,97,92.18,672.51,4,0,1338,0,12,4,4,4,12,1,0, 
260811,2015,Nottingham,Thunderous Love,Turf, ,Y,6,4,3.5,3.5,5,S,m,5,132, ,1.19,7,1,1,1,3,1,3,4,582,4,1,2,0,0,0,0,Aug,Hcap-Fil,Jonathan Portman,Rob Hornby,27.23,43.05,0,2,90,60,70,100,100,33.33,100,119,85.93,668.26,2,0,1338,0,17,5,10,23,381,11,0, 
260811,2015,Nottingham,Seeing Stars,Turf, ,Y,6,6,6.5,7,5,S,f,3,133, ,1.27,18,5,4,5,5,6,4,0,478,1,1,84.01,0,0,0,0,Aug,Hcap-Fil,William Knight,Marco Ghiani,33.28,43.11,0,8,0,50,60,33.33,50,80,80,125,33.33,511.66,5,0,1338,0,19,4,8,8,195,5,0, 
260811,2015,Nottingham,Come On Eibhlin,Turf, ,Y,6,6,11,7,5,S,f,3,135, ,0.89,15,4,2,4,4,4,5,0,512,2,1,34,0,0,0,0,Aug,Hcap-Fil,Dylan Cunha,Mr Jack Callan,32.43,37.71,0,9,15,60,50,100,33.33,100,80,89,33.33,545.66,6,0,1338,0,13,5,11,13,386,12,0, 
260811,2015,Nottingham,Melissa Honey,Turf, ,Y,6,5,8,7.5,5,U,f,4,126, ,0.97,11,3,3,3,2,2,1,1,557,2,0,44.67,0,0,0,0,Aug,Hcap-Fil,Michael Herrington,David Probert,40.46,31.86,0,3,10,50,60,100,90,60,100,97,93.75,650.75,3,0,1338,0,13,5,11,16,38,2,0, 
260811,2015,Nottingham,Sweet Desire,Turf, ,Y,6,24.66,8.5,10,5,D,f,4,133, ,1.01,24,6,6,6,6,5,6,0,394,1,4,0,0,0,0,0,Aug,Hcap-Fil,Steph Hollinshead,George Wood,31.76,34.55,0,8,-30,33.33,33.33,33.33,33.33,80,80,101,33.33,427.65,1,0,1338,0,58,2,3,3,0,0,0, 
260811,2030,Hamilton,Fairydale,Turf, ,Y,9,8.33,3.75,4,6,S,f,3,126, ,0.86,18,5,4,4,5,6,6,0,489,2,1,10,0,0,0,0,Aug,Hcap,Tim Easterby,David Allan,29.69,49.29,0,2,20,50,33.33,70,50,100,100,86,33.33,522.66,1,0,2655,0,20,4,9,10,0,0,0, 
260811,2030,Hamilton,Satyress,Turf, ,Y,9,7.66,4.5,4.33,6,S,f,4,133, ,1.64,12,3,6,1,3,7,1,2,531,3,2,37.66,0,0,0,0,Aug,Hcap,Harriet Bethell,S D Bowen,28.96,33.79,0,1,0,90,33.33,100,50,33.33,100,125,33.33,564.99,6,0,2655,0,49,2,4,8,49,1,0, 
260811,2030,Hamilton,Patrick Street,Turf, ,Y,9,8.33,5.5,5,6,S,g,7,138, ,0.86,15,4,5,5,2,3,5,0,479,2,1,27.34,0,0,0,0,Aug,Hcap,A Kinirons,C Geerdharry,41.26,0,7,1,5,60,50,100,50,100,33.33,86,91.8,571.13,2,0,2655,0,3,5,15,23,3,1,0, 
260811,2030,Hamilton,Ebony Maw,Turf, ,Y,9,5.66,5,5.5,6,D,g,9,138, ,0.94,8,1,1,2,4,1,9,3,494,2,0,2,0,0,0,0,Aug,Hcap,Ewan Whillans,P J McDonald,37.45,32.96,0,1,100,50,50,100,50,100,50,94,78.68,572.68,3,0,2655,0,36,3,9,20,36,1,0, 
260811,2030,Hamilton,Falaise Blanc,Turf, ,Y,9,8,7.5,7.5,6,S,g,4,130, ,0.92,10,2,2,3,1,1,8,2,492,0,0,2.67,0,0,0,0,Aug,Hcap,Katie Scott,Mr Jake Dickson,25.42,28.45,5,3,30,60,60,60,60,80,80,92,93.44,585.44,9,0,2655,0,3,6,14,26,347,14,0, 
260811,2030,Hamilton,Mr Withington,Turf, ,Y,9,9.33,12,13,6,S,g,5,135, ,1.02,21,6,2,6,6,3,7,0,451,3,3,13.67,0,0,0,0,Aug,Hcap,Ewan Whillans,Greg Fairley,37.45,40.36,0,4,30,50,33.33,33.33,33.33,100,100,102,86.88,538.87,4,0,2655,0,11,4,6,11,0,0,0, 
260811,2030,Hamilton,Storm On Jura,Turf, ,Y,9,10.33,15,15,6,S,f,4,132, ,1.02,30,7,8,9,7,5,3,0,395,1,4,0,0,0,0,0,Aug,Hcap,Jim Goldie,Lauren Young,38.58,41.85,5,11,-10,33.33,33.33,33.33,33.33,80,80,102,85.24,480.56,5,0,2655,0,3,5,8,11,0,0,0, 
260811,2030,Hamilton,Game Management,Turf, ,Y,9,33,15,15,6,D,g,5,134, ,1.1,34,9,9,8,8,8,2,0,423,2,4,28,0,0,0,0,Aug,Hcap,Elizabeth Quinlan,Barry McHugh,22.62,17.36,0,254,-25,33.33,33.33,33.33,33.33,80,100,110,33.33,456.65,7,0,2655,0,1,0,1,11,627,7,0, 
260811,2030,Hamilton,Spirit Of Nature,Turf, ,Y,9,10.66,15,15,6,S,g,4,133, ,1.25,30,7,6,7,9,9,4,0,438,2,4,15,0,0,0,0,Aug,Hcap,Jim Goldie,Paul Mulrennan,38.58,44.12,0,7,0,33.33,33.33,33.33,33.33,80,100,125,33.33,471.65,8,0,2655,0,1,1,4,4,0,0,0, 
